<?xml version="1.0" encoding="UTF-8"?><idempiere Name="CalendarTab" Version="1.0.0" idempiereVersion="" DataBaseVersion="" Description="EntityType, TabType Reference." Author="" AuthorEmail="sbhimani@logilitecom" CreatedDate="2017-02-18 16:26:16.431" UpdatedDate="2017-02-18 16:26:16.431" PackOutVersion="100" UpdateDictionary="true" Client="0-SYSTEM-System" AD_Client_UU="11237b53-9592-4af1-b3c5-afd216514b5d">
    <AD_EntityType type="table">
        <AD_Client_ID>0</AD_Client_ID>
        <AD_Org_ID>0</AD_Org_ID>
        <EntityType>CAL</EntityType>
        <IsActive>Y</IsActive>
        <Name>Calendar as Tab type</Name>
        <Description/>
        <Help/>
        <Version>1.00</Version>
        <ModelPackage>com.adaxa.calendarTab</ModelPackage>
        <Classpath/>
        <Processing>N</Processing>
        <AD_EntityType_UU>2c438cdf-6412-48d9-a7d3-0a2e062dc15c</AD_EntityType_UU>
    </AD_EntityType>
    <AD_Ref_List type="table">
        <AD_Client_ID>0</AD_Client_ID>
        <AD_Org_ID>0</AD_Org_ID>
        <Name>Calendar</Name>
        <Description/>
        <AD_Reference_ID reference="id">200117</AD_Reference_ID>
        <ValidFrom/>
        <ValidTo/>
        <Value>CAL</Value>
        <IsActive>Y</IsActive>
        <EntityType>CAL</EntityType>
        <AD_Ref_List_UU>02d5baed-93e5-4cad-a131-5da7713ccace</AD_Ref_List_UU>
        <AD_Ref_List_Trl type="translation">
            <Description/>
            <Name>Calendar</Name>
            <AD_Language>es_CO</AD_Language>
            <IsActive>Y</IsActive>
            <IsTranslated>N</IsTranslated>
        </AD_Ref_List_Trl>
    </AD_Ref_List>
</idempiere>
